Codon,H-Pos1,H-Pos2,H-Pos3,L-Pos1,L-Pos2,L-Pos3
AAA,1.25,1.39,1.53,1.40,1.40,1.45
AAC,1.14,2.27,2.50,1.23,1.91,1.77
AAG,0.77,1.85,1.54,1.18,1.55,2.28
AAT,1.50,2.18,0.95,1.38,1.94,1.11
ACA,1.82,0.40,0.20,2.20,1.41,0.78
ACC,0.27,1.10,0.82,1.06,1.27,0.85
ACG,0.00,2.41,0.00,1.28,0.64,0.00
ACT,2.20,2.07,0.65,1.17,2.33,0.52
AGA,1.05,1.40,0.70,1.39,0.90,0.42
AGC,1.90,2.72,4.62,1.57,3.84,2.62
AGG,1.57,0.28,0.28,0.67,0.29,0.38
AGT,1.03,1.03,0.17,0.87,1.18,0.87
ATA,0.81,1.61,2.42,1.28,2.39,2.23
ATC,2.14,0.24,2.14,1.40,0.20,0.40
ATG,2.56,1.14,1.56,2.25,1.18,0.86
ATT,1.62,0.81,0.23,1.39,0.77,0.46
CAA,0.65,0.22,3.03,1.02,1.15,1.66
CAC,0.00,1.21,0.73,0.96,0.48,1.20
CAG,0.31,1.03,0.93,0.40,0.60,0.40
CAT,0.74,1.47,1.11,0.46,0.69,0.69
CCA,1.00,0.00,1.00,0.67,0.51,0.84
CCC,1.39,0.56,0.28,0.59,0.00,0.00
CCG,0.97,0.00,0.00,0.00,0.80,1.60
CCT,1.19,0.89,0.30,0.75,0.50,0.50
CGA,0.00,0.00,0.00,0.00,0.00,0.00
CGC,0.00,0.00,0.00,0.00,0.00,0.00
CGG,0.91,0.00,0.91,0.00,0.80,0.80
CGT,0.00,0.00,0.00,0.69,0.69,0.00
CTA,1.23,0.88,2.98,1.14,0.85,2.85
CTC,1.26,0.38,0.25,2.06,0.41,0.14
CTG,1.42,0.44,0.80,1.62,0.37,0.50
CTT,2.36,0.79,0.66,0.98,0.56,0.42
GAA,1.27,0.81,1.39,0.63,0.63,1.97
GAC,0.17,0.33,0.50,0.00,0.19,0.76
GAG,0.26,0.79,0.66,0.17,0.25,1.25
GAT,1.88,1.02,1.19,1.45,0.92,1.72
GCA,1.60,1.37,1.37,2.69,1.03,1.24
GCC,0.67,2.45,0.67,0.53,1.05,0.00
GCG,0.00,0.00,0.00,0.00,0.00,0.00
GCT,3.25,3.45,0.61,2.79,2.33,0.93
GGA,0.52,0.83,0.62,0.28,0.19,0.19
GGC,0.00,1.63,0.61,0.21,1.70,0.21
GGG,0.24,0.57,1.30,0.00,0.28,0.47
GGT,0.48,1.07,0.71,1.07,1.07,1.93
GTA,2.02,0.40,4.04,3.07,1.35,3.43
GTC,0.53,0.53,0.32,0.17,0.85,0.68
GTG,1.18,0.00,1.01,0.93,0.23,1.97
GTT,3.10,0.39,0.39,1.45,0.62,0.31
TAA,0.81,2.43,2.23,0.58,2.00,1.66
TAC,1.35,4.50,2.70,1.57,3.40,3.14
TAG,1.18,2.16,1.37,2.76,2.23,0.39
TAT,0.80,2.81,0.40,0.64,2.99,0.85
TCA,0.47,0.24,1.30,0.65,0.11,0.43
TCC,0.53,0.53,0.18,0.47,0.00,0.47
TCG,0.00,0.00,0.00,0.00,0.00,0.79
TCT,0.23,0.91,0.69,0.35,0.71,0.35
TGA,0.19,0.48,0.86,0.37,0.46,0.92
TGC,0.79,1.58,2.77,1.22,0.61,1.83
TGG,1.03,0.21,1.23,0.36,0.24,0.96
TGT,0.00,2.10,0.12,0.42,2.16,0.33
TTA,0.19,0.93,2.05,0.45,0.75,0.90
TTC,0.62,0.16,0.47,0.63,0.38,0.25
TTG,0.73,0.31,0.73,0.81,0.00,0.69
TTT,0.81,0.51,0.51,0.42,0.42,0.35